"reference","quantity","part_ipn","note","optional"
"C1","1","C_100nF_16V_0603_MLCC-X7R","Unpolarized capacitor",""
"D1,D2,D3,D4,D5,D6,D7,D8,D9,D10,D11,D12,D13,D14,D15,D16","16","XL-1606SYGC","Green",""
"D17,D18","2","XL-1606UBC","Blue",""
"J1,J2,J11,J12","4","AFA07-S12FCC-00","Generic connector, single row, 01x10, script generated",""
"J3,J4","2","15EDGRC-3.5-10P","Generic connector, single row, 01x09, script generated",""
"J6","1","15EDGRC-3.5-05P","Generic connector, single row, 01x09, script generated",""
"J8,J9","2","15EDGK-3.5-10P","Generic connector, single row, 01x10, script generated",""
"J10","1","15EDGK-3.5-05P","Generic connector, single row, 01x10, script generated",""
"R1,R3,R5,R7,R9,R11,R13,R15,R17,R18,R19,R20,R21,R22,R23,R24","16","R_750R_0603_1%","Resistor",""
"R2,R4,R6,R8,R10,R12,R14,R16,R25,R26,R27,R28,R29,R30,R31,R32","16","R_2k7_0603_1%","Resistor",""
"R33","1","R_10k_0603_1%","Resistor",""
"R34,R35,R36,R37,R38,R39,R40,R41,R42,R43,R44,R45,R46,R47,R48,R49,R50,R51","18","R_680R_0603_1%","Resistor",""
"SP1","1","PM_LED-18-v0.0.1","",""
"U1","1","MCP23S17-E/SS","16-bit I/O expander, SPI, interrupts, w pull-ups, SOIC-28",""
"U3,U5","2","CA-IS3980P","",""
"U4","1","SN74LVC2G14DBVR","",""
"U6","1","Keystone_5117","KEYSTONE - 5117 - TEST POINT, PCB, BLUE, THROUGH HOLE",""
