"Reference","Value","Datasheet","Footprint","Qty","DNP","Стоимость"
"F1","Fuse","https://www.chipdip.by/product/fh-102","Fuse:Fuseholder_Cylinder-5x20mm_Stelvio-Kontek_PTF78_Horizontal_Open","1","","1.35"
"J1,J3","Terminal_01x08_Socket","https://www.chipdip.by/product0/8000151691","TerminalBlock_Phoenix:TerminalBlock_Phoenix_MKDS-1,5-8-5.08_1x08_P5.08mm_Horizontal","2","","2.05"
"J2,J4","Conn_01x08_Pin","https://www.chipdip.by/product/2edgk-5.08-08p","","2","","5.1"
"J5,J6","Conn_01x10","~","Connector_PinHeader_2.54mm:PinHeader_1x10_P2.54mm_Vertical","2","",""
"J7,J8","PinHeader_01x04_angle","https://www.belchip.by/product/?selected_product=54121","Connector_PinHeader_2.54mm:PinHeader_1x04_P2.54mm_Horizontal","2","","0.17"
"K1,K2,K3,K4,K5,K6,K7,K8","Relay_Tianbo_5VDC","https://www.chipdip.by/product0/8003916316","Relay_THT:Relay_SPDT_HJR-4102","8","","1.05"
"U1","ULN2803A","https://www.chipdip.by/product/uln2803a-stm","Package_DIP:DIP-18_W7.62mm","1","","9.7"
"U2","PCF8575TS","https://www.chipdip.by/product0/8153866596","Package_SO:SSOP-24_5.3x8.2mm_P0.65mm","1","","14.5"
