"reference","note","quantity","part_ipn"
"D1,D2,D3,D4,D5,D6,D7,D8","Light emitting diode","8","LED_green_1206_reverse"
"J2","Generic connector, double row, 02x04, odd/even pin numbering scheme (row 1 odd numbers, row 2 even numbers), script generated (kicad-library-utils/schlib/autogen/connector/)","1","PinHeader_02x04_P2.54_THT_angle"
"PCB1","","1","PCB_PM-RQ8-front_v0.0.3"
"R1,R2,R3,R4,R5,R6,R7,R8","Resistor","8","R_270_1206_1%"
"U1","16-bit I/O expander, SPI, interrupts, w pull-ups, QFN-28","1","MCP23S17-E/ML"
