"reference","quantity","part_ipn","note"
"D1,D2,D3,D4,D5,D6,D7,D8,D9,D10,D11,D12,D13,D14,D15,D16","16","LED_green_1206_reverse","Light emitting diode"
"J1","1","PinHeader_02x04_P2.54_THT_angle","Generic connector, double row, 02x04, odd/even pin numbering scheme (row 1 odd numbers, row 2 even numbers), script generated (kicad-library-utils/schlib/autogen/connector/)"
"R1,R2,R3,R4,R5,R6,R7,R8,R9,R10,R11,R12,R13,R14,R15,R16","16","R_270_1206_1%","Resistor"
"U1","1","MCP23S17-E/ML","16-bit I/O expander, SPI, interrupts, w pull-ups, QFN-28"
