"reference","part_ipn","note","quantity"
"C1","C_4.7nF_2kV_1812","Unpolarized capacitor","1"
"D1,D2,D3,D4,D5,D6,D7,D8","BAT20J","","8"
"J2","PinHeader_01x05_P2.54_THT_angle","Generic connector, single row, 01x05, script generated","1"
"J3,J4,J5,J6,J7,J8,J18,J20,J100","2EDGK-5.08-02P","Generic connector, single row, 01x02, script generated","9"
"J10","2EDGR-5.08-18P","01x18","1"
"K1,K2,K3,K4,K5,K6,K7,K8","G5NB-1A-E-DC5","","8"
"PM1","PM-ESP32C3","","1"
"U1","ULN2803A","Darlington Transistor Arrays, SOIC18/DIP18","1"
"U6","MCP23S17-E/ML","16-bit I/O expander, SPI, interrupts, w pull-ups, QFN-28","1"
